id,name,created_date,account_number,overdue
1,Eireen  Lowstetter,9/13/2007 15:36,ar282857,1
2,Murray  Rawls,11/24/2006 15:36,ar983651,
3,Aggie  Alington,11/11/2006 15:36,ar69687,
4,Tyrone  Huston,11/26/2006 15:36,ar397482,1
5,Tess  Lowe,3/19/2007 15:36,ar778348,
6,Zeke  Fylbrigg,7/18/2007 15:36,ar699294,
7,Woody  Harding,3/7/2007 15:36,ar161429,0
8,Jayden  Lacon,8/21/2007 15:36,ar709264,
9,Richardine  Casteel,9/30/2007 15:36,ar62031,
10,Mayson  Gettemy,12/1/2006 15:36,ar182364,1
11,Crawford  Meyers,10/25/2006 15:36,ar725730,
12,Margaux  Doverspike,9/14/2007 15:36,ar81557,
13,Claud  Zeal,12/21/2006 15:36,ar230597,1
14,Billy  Hanford,3/26/2007 15:36,ar908313,
15,Eugene  Welty,6/6/2007 15:36,ar849777,
16,Gillian  Burns,8/23/2007 15:36,ar523944,
17,Barnabas  Rifler,1/8/2007 15:36,ar70388,
18,Keith  Harrold,8/24/2007 15:36,ar780112,
19,Kolby  Davis,3/1/2007 15:36,ar689396,
20,Reina  Garratt,4/6/2007 15:36,ar106644,1
21,Justine  Lafortune,1/2/2007 15:36,ar465032,
22,Geordie  Sheets,8/16/2007 15:36,ar5230,
23,Hazel  Baker,2/4/2007 15:36,ar631052,
24,Ruthie  Vinsant,12/25/2006 15:36,ar139572,0
25,Kaylynn  Tomco,11/29/2006 15:36,ar804705,
26,Malina  Poorbaugh,11/25/2006 15:36,ar604809,
27,Tatton  Overstreet,1/18/2007 15:36,ar609930,
28,Gosse  Hardy,9/22/2006 15:36,ar235222,0
29,Rik  Greene,11/12/2006 15:36,ar346324,1
30,Storm  Pirl,6/9/2007 15:36,ar25951,0
31,Rod  Woodworth,9/5/2007 15:36,ar90786,
32,Wolf  Caesar,3/6/2007 15:36,ar376078,0
33,Magnus  Breitenstein,3/27/2007 15:36,ar608030,
34,Burt  Putnam,10/29/2006 15:36,ar911918,
35,Philomena  Olphert,10/21/2006 15:36,ar735501,
36,Elouise  Kiefer,10/31/2006 15:36,ar941752,
37,Alexis  Baskett,1/10/2007 15:36,ar502255,
38,Montana  Camp,10/31/2006 15:36,ar686021,
39,Donny  Moore,6/16/2007 15:36,ar923341,
40,Tod  Caldwell,10/13/2006 15:36,ar558643,
41,Annabelle  Metzer,1/8/2007 15:36,ar23191,0
42,Cherish  Pfeifer,12/13/2006 15:36,ar440025,
43,Noble  Ironmonger,12/18/2006 15:36,ar130555,0
44,Caleigh  Whitten,4/4/2007 15:36,ar332700,0
45,Elvis  Beach,8/2/2007 15:36,ar271836,1
46,Pris  Butterfill,3/30/2007 15:36,ar361081,0
47,Keshia  Wall,9/28/2006 15:36,ar989899,
48,Africa  Mitchell,6/16/2007 15:36,ar866250,
49,Maybelline  Tillson,1/22/2007 15:36,ar361554,1
50,Anne  Osteen,4/20/2007 15:36,ar209020,0
51,Guy  Holts,7/9/2007 15:36,ar960438,
52,Eileen  Carden,10/16/2006 15:36,ar175133,1
53,Lorena  Eastwood,11/13/2006 15:36,ar994352,
54,Gae  Warren,4/3/2007 15:36,ar446359,
55,Cayley  Cressman,10/6/2006 15:36,ar248743,1
56,Wilfreda  Day,7/11/2007 15:36,ar904635,
57,Lee  Erskine,5/3/2007 15:36,ar776948,
58,Tony  Catlay,5/21/2007 15:36,ar170836,0
59,Marquis  Woollard,2/9/2007 15:36,ar523334,
60,Isolda  Enderly,10/8/2007 15:36,ar104164,0
61,Julian  Beard,7/6/2007 15:36,ar950820,
62,Dina  Sadley,7/15/2007 15:36,ar441607,
63,Elijah  Oppie,5/2/2007 15:36,ar355576,0
64,Trix  Stainforth,5/6/2007 15:36,ar453062,
65,Chloe  Nickolson,11/28/2006 15:36,ar198579,1
66,Bette  Kunkle,11/22/2006 15:36,ar633709,
67,Delice  Harshman,1/7/2007 15:36,ar572811,
68,Addison  Pennington,9/11/2007 15:36,ar962927,
69,Mel  Ewing,6/4/2007 15:36,ar96204,
70,Alysha  Mull,4/26/2007 15:36,ar592240,
71,Azura  Baer,8/5/2007 15:36,ar672589,
72,Steve  Trout,2/10/2007 15:36,ar586224,
73,Burt  Putnam,2/28/2007 15:36,ar913352,
74,Ashton  Surrency,10/2/2007 15:36,ar808090,
75,Tamera  Lowry,4/13/2007 15:36,ar300396,1
76,Eveline  Mitchell,7/13/2007 15:36,ar77707,
77,Rhett  Treeby,11/22/2006 15:36,ar487351,
78,Fleuretta  Leonard,5/10/2007 15:36,ar203634,1
79,Ingram  Hoover,3/10/2007 15:36,ar556119,
80,Lucas  Fuchs,2/26/2007 15:36,ar169691,0
81,Ainsley  Priebe,7/2/2007 15:36,ar180101,0
82,Lesleigh  Chappel,2/16/2007 15:36,ar391430,0
83,Stacie  Ritter,7/9/2007 15:36,ar416847,
84,Burt  Putnam,4/22/2007 15:36,ar909945,
85,Richmal  Crom,4/4/2007 15:36,ar299184,1
86,Freeman  Burris,8/27/2007 15:36,ar766086,
87,Corrine  Myers,8/4/2007 15:36,ar932880,
88,Anona  Fleming,3/8/2007 15:36,ar366141,0
89,Lois  Hiles,7/10/2007 15:36,ar32066,0
90,Olyvia  Rohtin,2/26/2007 15:36,ar61910,
91,Gia  Weinstein,8/3/2007 15:36,ar213349,0
92,Velma  Clarke,7/27/2007 15:36,ar881018,
93,Cherette  Knight,4/10/2007 15:36,ar765044,
94,Calanthe  Burney,12/9/2006 15:36,ar182167,1
95,Primrose  Pullman,4/5/2007 15:36,ar615701,
96,Agnes  Akers,8/30/2007 15:36,ar532007,
97,Karaugh  Briner,8/18/2007 15:36,ar812930,
98,Reynold  Keilbach,5/6/2007 15:36,ar468629,
99,Amanda  Mcmullen,2/13/2007 15:36,ar904359,
100,Brett  Agnes,11/6/2006 15:36,ar115905,1
101,Arden  White,4/7/2007 15:36,ar866449,
102,Gwendoline  Stocker,11/14/2006 15:36,ar984532,
103,Anna  Greenwood,12/9/2006 15:36,ar323314,1
104,Shevaun  Mcfall,5/13/2007 15:36,ar662972,
105,Coleman  Ramsey,2/6/2007 15:36,ar344920,0
106,Dortha  Levett,10/17/2007 15:36,ar735683,
107,Roscoe  Milne,8/28/2007 15:36,ar643656,
108,Travis  Veith,2/6/2007 15:36,ar11231,0
109,Ross  Beals,11/26/2006 15:36,ar125188,0
110,Leia  Wallace,8/7/2007 15:36,ar592249,
111,Ivory  Callison,4/13/2007 15:36,ar585682,
112,Oswald  Albright,11/24/2006 15:36,ar151663,0
113,Lula  Saline,1/8/2007 15:36,ar1270,1
114,Hugo  Baum,9/11/2007 15:36,ar551362,
115,Marty  Shupe,6/1/2007 15:36,ar752999,
116,Tranter  Hasely,4/8/2007 15:36,ar110910,1
117,Brian  Franks,5/20/2007 15:36,ar295553,0
118,Daly  Pierce,4/17/2007 15:36,ar145034,0
119,Latonya  Schreckengost,8/9/2007 15:36,ar838513,
120,Elicia  Sayre,3/28/2007 15:36,ar757465,
121,Lyric  Fiddler,10/3/2007 15:36,ar271786,0
122,Bennie  Owens,1/21/2007 15:36,ar86535,
123,Luann  Earhart,6/29/2007 15:36,ar617317,
124,Jemima  Ammons,5/21/2007 15:36,ar826982,
125,Lucian  Gisiko,9/27/2007 15:36,ar282957,1
126,Griselda  Zaun,8/16/2007 15:36,ar933841,
127,Lincoln  Coates,2/2/2007 15:36,ar820333,
128,Willow  Wilo,12/18/2006 15:36,ar300145,0
129,Jillian  Moulton,10/31/2006 15:36,ar39724,0
130,Zoie  Miller,8/26/2007 15:36,ar298187,0
131,Edytha  Chauvin,10/3/2007 15:36,ar371763,1
132,Wally  Summy,11/30/2006 15:36,ar964253,
133,Abbie  Shafer,10/13/2006 15:36,ar705977,
134,Ludovic  Isemann,7/19/2007 15:36,ar637125,
135,Kerenza  Schofield,5/20/2007 15:36,ar67697,
136,Maryann  Howard,7/25/2007 15:36,ar427110,
137,Linsey  Munshower,10/3/2006 15:36,ar932461,
138,Ivor  Whitehead,8/28/2007 15:36,ar380976,0
139,Piety  Weldy,12/3/2006 15:36,ar107497,1
140,Hubert  Seidner,2/10/2007 15:36,ar394558,0
141,Hatty  Stahl,12/26/2006 15:36,ar650298,
142,Jewel  Gertraht,11/15/2006 15:36,ar67818,
143,Aria  Vorrasi,10/15/2007 15:36,ar388197,0
144,Frederick  Gist,3/22/2007 15:36,ar737530,
145,Thad  Hahn,2/14/2007 15:36,ar523059,
146,Livia  Howe,3/28/2007 15:36,ar402707,
147,Gwendolyn  Beck,1/5/2007 15:36,ar444357,
148,Hedley  Woolery,9/22/2007 15:36,ar13665,1
149,Ewart  Tomlinson,8/1/2007 15:36,ar735253,
150,Kipling  Bender,12/6/2006 15:36,ar635273,
151,Hank  Leech,5/21/2007 15:36,ar970604,
152,Sherisse  Coldsmith,3/23/2007 15:36,ar947204,
153,Narcissa  Ewing,4/1/2007 15:36,ar824207,
154,Jenn  Robertson,10/3/2006 15:36,ar279426,0
155,Sherill  Pheleps,7/6/2007 15:36,ar924508,
156,Leyton  Wolff,4/16/2007 15:36,ar784262,
157,Yazmin  Flanders,3/14/2007 15:36,ar147787,0
158,Edweena  Hice,5/30/2007 15:36,ar386150,1
159,Vernon  Willey,8/23/2007 15:36,ar487391,
160,Rosamund  Shirey,1/27/2007 15:36,ar278503,0
161,Phebe  Hindman,10/26/2006 15:36,ar930343,
162,Aletha  Bowchiew,4/4/2007 15:36,ar816206,
163,Madelyn  Roose,12/2/2006 15:36,ar290002,0
164,Yashmine  Compton,3/15/2007 15:36,ar1394,1
165,Wendell  Schrader,6/13/2007 15:36,ar136965,0
166,Kristine  Wain,9/22/2006 15:36,ar680642,
167,Marcy  Harris,10/5/2006 15:36,ar992316,
168,Jamey  Hastings,11/29/2006 15:36,ar919653,
169,Roslyn  Yates,7/24/2007 15:36,ar621317,
170,Chrysanta  Law,1/22/2007 15:36,ar347628,1
171,Brody  Whiteman,12/31/2006 15:36,ar874190,
172,Myriam  Richardson,2/4/2007 15:36,ar328065,0
173,Jacqui  Hills,10/8/2007 15:36,ar17756,0
174,Oberon  Shaffer,7/23/2007 15:36,ar104587,1
175,Haven  Gaskins,10/5/2007 15:36,ar469666,
176,Concordia  Millard,3/25/2007 15:36,ar34570,1
177,Tiger  Feufer,3/29/2007 15:36,ar763852,
178,Dreda  Mingle,10/20/2007 15:36,ar715552,
179,Kennedy  Werner,4/12/2007 15:36,ar286206,0
180,Gomer  Mcindoe,5/16/2007 15:36,ar284372,0
181,Blaze  Earl,3/19/2007 15:36,ar563244,
182,Harriett  Handyside,3/25/2007 15:36,ar963103,
183,Barret  Burnett,10/15/2007 15:36,ar125786,1
184,Margo  Cox,4/5/2007 15:36,ar739621,
185,Maris  Murray,4/24/2007 15:36,ar320748,1
186,Yaron  Tedrow,12/18/2006 15:36,ar384876,1
187,Lesley  Minnie,4/9/2007 15:36,ar962138,
188,Carl  Buck,8/25/2007 15:36,ar656062,
189,Doran  Van,7/11/2007 15:36,ar393895,1
190,Piers  Brinigh,11/11/2006 15:36,ar1291,1
191,Jerry  Kettlewell,3/19/2007 15:36,ar824769,
192,Cara  Moffat,8/31/2007 15:36,ar119975,0
193,Kerrie  Powell,10/11/2007 15:36,ar125567,0
194,Cliff  Eva,12/26/2007 15:36,ar267910,0
195,Jaydon  Saylor,1/25/2007 15:36,ar962850,
196,Zoey  Osterwise,9/2/2007 15:36,ar10522,1
197,Alex  Porter,2/22/2007 15:36,ar164059,0
198,Marcy  Harris,2/1/2007 15:36,ar788731,
199,Joselyn  Higgens,4/16/2007 15:36,ar451478,
200,Roseanne  Simmons,5/17/2007 15:36,ar891199,
201,George Jungel,3/9/2006 15:36,ar96138,x
